Facility,Right SD operator,Left SD operator
Riverbend Hydro,dk1MLUN5Y1EtT2hDcH0=,QkFEQUJPT017clFGZy0z
Granite Peak Nuclear,TFRTLWJLbkItMDcwVH0=,QkFEQUJPT017bVNBVC1l
Sunnyvale Solar Farm,MGNXLTBaMU8tQk44M30=,QkFEQUJPT017dFpVcy1u
Windy Plains Windpark,clk2LWZFV24tOVNSMX0=,QkFEQUJPT017Q2ZaSC1J
Ironclad Coal Plant,d01GLVhRN3ctYjdpOH0=,QkFEQUJPT017SEp3Qi13
Bluewave Tidal,dXBVLTFDeXQtU2puan0=,QkFEQUJPT017WU5RMy13
Mountainview Nuclear,RGxMLTFtTFUtRUdYan0=,QkFEQUJPT017TWduWi04
Greenfield Biomass,NE56LThFYUwtdTVoM30=,QkFEQUJPT017a2dkby16
Starlight Solar,TU9SLXhTa08tbGd6bH0=,QkFEQUJPT017dFI0TC1t
Thunderbolt Hydro,MzljLWlPV3AtNlNJYn0=,QkFEQUJPT017cHVpSC1n
Coalridge Thermal,RVg5LWtzVEIteUoxZH0=,QkFEQUJPT017ODdVTC16
Northwind Windpark,V3J2LWxUNUstMzBpaX0=,QkFEQUJPT017cXRXbi1q
Horizon Nuclear,dGJVLVNmUmEtUWxKQ30=,QkFEQUZMQUd7bUtlay1F
Desert Sun Solar,YmhkLXgxOVgtTFNEQ30=,QkFEQUJPT017ZDgyRC1L
Rivermill Hydro,Qk1nLVEwMzctaVZSNn0=,QkFEQUJPT017Z3NvMC1Z
Blackrock Coal,SktYLXZTdUwtQzFBVX0=,QkFEQUJPT017VW5KSy1R
Oceanwave Tidal,bFNKLWxCTmItU1VKVn0=,QkFEQUJPT017WE5yRS1V
Forestview Biomass,QjMwLVFaUHQtQjhDRH0=,QkFEQUJPT017Z21Tay10
Skylight Solar,ZmZLLTFWU2QtNGMzUn0=,QkFEQUJPT017bmlKdi1n
Rapidfall Hydro,M2xCLWZHeVktWmFzYn0=,QkFEQUJPT017YU9kdi11
Ember Coal Plant,ak1VLXY4M2UtWmFhWX0=,QkFEQUJPT017YlE4Vy1w
Windcrest Windpark,cWNtLTYwcHctcjZYMX0=,QkFEQUJPT017SDlrTS1I
Aurora Nuclear,eUlaLWdSM1AtdFJJVn0=,QkFEQUJPT017RlJDWi1H
Sunridge Solar Farm,OWdtLTEzWTYta2ZTVn0=,QkFEQUJPT017R2p4eS1Y
